,Date (MST),Date (MPT),Asset Short Name,Asset Name,Asset Grouping,Volume,Maximum Capability,System Capability,Fuel Type,Sub Fuel Type,Planning Area,Region,Asset Utilization
0,2023-01-01 00:00:00,2023-01-01,AFG1,AFG1 APF Athabasca,AFG1,82.58612011379665,131.0,67.0,OTHER,Wood/Refuse,27,Northeast,0.6304283978152416
744,2023-01-01 00:00:00,2023-01-01,AKE1,AKE1 McBride Lake Windfarm,AKE1,44.94705726835463,73.0,73.0,WIND,WIND,53,South,0.6157131132651319
1488,2023-01-01 00:00:00,2023-01-01,ALP1,ALP1 Bantry,ALP1,6.610000133514404,7.0,7.0,GAS,SIMPLE_CYCLE,47,South,0.9442857333592006
2232,2023-01-01 00:00:00,2023-01-01,ALP2,ALP2 Parkland,ALP2,7.739999771118164,10.0,10.0,GAS,SIMPLE_CYCLE,49,South,0.7739999771118165
2976,2023-01-01 00:00:00,2023-01-01,ALS1,ALS1 Air Liquide Scotford #1,APS1,64.00555435816447,106.0,106.0,GAS,COGENERATION,33,Northeast,0.6038259845109856
3720,2023-01-01 00:00:00,2023-01-01,ANC1,ANC1 AB Newsprint,ANC1,63.40344489839342,63.0,63.0,GAS,SIMPLE_CYCLE,26,Northwest,1.0064038872760859
4464,2023-01-01 00:00:00,2023-01-01,APS1,APS1 Scotford Cogen,APS1,153.96855259365506,195.0,195.0,GAS,COGENERATION,33,Northeast,0.7895823209931029
5208,2023-01-01 00:00:00,2023-01-01,ARD1,ARD1 Ardenville,ARD1,64.38310998068916,68.0,68.0,WIND,WIND,53,South,0.9468104408924876
5952,2023-01-01 00:00:00,2023-01-01,BCR2,BCR2 Bear Creek Cogen Plant,BCR2,29.941104883617825,36.0,36.0,GAS,COGENERATION,20,Northwest,0.8316973578782729
6696,2023-01-01 00:00:00,2023-01-01,BCRK,BCRK Bear Creek Cogen,BCRK,63.51203918457031,64.0,64.0,GAS,COGENERATION,20,Northwest,0.9923756122589111
7440,2023-01-01 00:00:00,2023-01-01,BFD1,BFD1 Blackfalds,BFD1,2.9000000953674316,6.0,6.0,GAS,COGENERATION,35,Central,0.4833333492279053
8184,2023-01-01 00:00:00,2023-01-01,BHL1,BHL1 Bellshill,BHL1,4.200777586301168,5.0,5.4,GAS,SIMPLE_CYCLE,32,Central,0.8401555172602336
8928,2023-01-01 00:00:00,2023-01-01,BIG,BIG Bighorn Hydro,BIG,53.32952922185262,120.0,120.0,HYDRO,HYDRO,34,Central,0.44441274351543847
9672,2023-01-05 00:00:00,2023-01-05,BLS1,BLS1 Barlow Solar,BLS1,0.0,27.0,27.0,SOLAR,SOLAR,6,Calgary,0.0
10320,2023-01-01 00:00:00,2023-01-01,BON1,BON1 Bonnybrook,BON1,2.5999510288238525,10.0,4.8,OTHER,Gas,6,Calgary,0.25999510288238525
11064,2023-01-01 00:00:00,2023-01-01,BOW1,BOW1 Bow River Hydro,BOW1,62.7764902762572,320.0,320.0,HYDRO,HYDRO,44,South,0.19617653211330374
11808,2023-01-01 00:00:00,2023-01-01,BR4,BR4 Battle River #4,BR4,154.10294073316786,155.0,155.0,GAS,GAS_FIRED_STEAM,36,Central,0.9942125208591475
12552,2023-01-01 00:00:00,2023-01-01,BR5,BR5 Battle River #5,BR5,157.73788531833225,395.0,395.0,GAS,GAS_FIRED_STEAM,36,Central,0.3993364185274234
13296,2023-01-01 00:00:00,2023-01-01,BRA,BRA Brazeau Hydro,BRA,-6.7371847703721786,350.0,350.0,HYDRO,HYDRO,30,Central,-0.01924909934392051
14040,2023-01-01 00:00:00,2023-01-01,BRD1,BRD1 Burdett,BRD1,0.0,11.0,11.0,SOLAR,SOLAR,52,South,0.0
14784,2023-01-01 00:00:00,2023-01-01,BRK1,BRK1 Brooks Solar,BRK1,0.0,13.0,13.0,SOLAR,SOLAR,47,South,0.0
15528,2023-01-01 00:00:00,2023-01-01,BRK2,BRK2 Brooks Solar,BRK2,0.0,14.0,14.0,SOLAR,SOLAR,47,South,0.0
16272,2023-01-01 00:00:00,2023-01-01,BSC1,BSC1 Brooks Solar,BSC1,0.0,15.0,15.0,SOLAR,SOLAR,47,South,0.0
17016,2023-01-01 00:00:00,2023-01-01,BSR1,BSR1 Blackspring Ridge,BSR1,22.797721864912244,300.0,300.0,WIND,WIND,49,South,0.07599240621637415
17760,2023-01-01 00:00:00,2023-01-01,BTR1,BTR1 Blue Trail Wind,BTR1,38.33194377687242,66.0,66.0,WIND,WIND,53,South,0.5807870269223094
18504,2023-01-01 00:00:00,2023-01-01,BUL1,BUL1 Bull Creek,BUL1,0.7986432873209317,13.0,13.0,WIND,WIND,37,Central,0.06143409902468706
19248,2023-01-01 00:00:00,2023-01-01,BUL2,BUL2 Bull Creek,BUL2,2.207411491771539,16.0,16.0,WIND,WIND,37,Central,0.1379632182357212
19992,2023-01-01 00:00:00,2023-01-01,BUR1,BUR1 Burdett,BUR1,0.0,20.0,20.0,SOLAR,SOLAR,52,South,0.0
20736,2023-01-01 00:00:00,2023-01-01,CAL1,CAL1 CALP Gen #1,CAL1,-2.3084999417596395,330.0,330.0,GAS,COMBINED_CYCLE,6,Calgary,-0.006995454368968605
21480,2023-01-01 00:00:00,2023-01-01,CCMH,CCMH Cancarb Medicine Hat,CMH1,19.967808456420897,42.0,42.0,OTHER,Gas cogen,4,South,0.47542401086716424
22224,2023-01-01 00:00:00,2023-01-01,CHIN,CHIN Chin Chute,CHIN,0.0,15.0,15.0,HYDRO,HYDRO,54,South,0.0
22968,2023-01-01 00:00:00,2023-01-01,CL01,CL01 Christina Lake,CL01,47.679274029201935,100.0,100.0,GAS,COGENERATION,25,Northeast,0.47679274029201935
23712,2023-01-01 00:00:00,2023-01-01,CLR1,CLR1 Claresholm,CLR1,0.0,58.0,58.0,SOLAR,SOLAR,49,South,0.0
24456,2023-01-01 00:00:00,2023-01-01,CLR2,CLR2 Claresholm,CLR2,0.0,75.0,75.0,SOLAR,SOLAR,49,South,0.0
25200,2023-01-01 00:00:00,2023-01-01,CLY1,CLY1 Clydesdale 1,CLY1,0.0,41.0,41.0,SOLAR,SOLAR,52,South,0.0
25944,2023-01-01 00:00:00,2023-01-01,CLY2,CLY2 Clydesdale 2,CLY2,0.0,34.0,34.0,SOLAR,SOLAR,52,South,0.0
26688,2023-01-01 00:00:00,2023-01-01,CMH1,CMH1 Medicine Hat #1,CMH1,230.40332456800672,299.0,299.0,GAS,COMBINED_CYCLE,4,South,0.7705796808294539
27432,2023-01-01 00:00:00,2023-01-01,CNR5,CNR5 CNRL Horizon,CNR5,203.0631944015291,203.0,65.0,GAS,COGENERATION,25,Northeast,1.0003113024705867
28176,2023-01-01 00:00:00,2023-01-01,COD1,COD1 Coaldale,COD1,4.099999904632568,5.0,5.0,GAS,COGENERATION,54,South,0.8199999809265137
28920,2023-01-01 00:00:00,2023-01-01,COL1,COL1 Coaldale,COL1,0.0,23.0,23.0,SOLAR,SOLAR,54,South,0.0
29664,2023-01-01 00:00:00,2023-01-01,CR1,CR1 ARM2262 Castle River,CR1,15.86294505490197,39.0,39.0,WIND,WIND,53,South,0.4067421808949223
30408,2023-01-01 00:00:00,2023-01-01,CRD1,CRD1 Conrad,CRD1,0.0,23.0,23.0,SOLAR,SOLAR,52,South,0.0
31152,2023-01-01 00:00:00,2023-01-01,CRD2,CRD2 Conrad,CRD2,0.0,18.0,18.0,SOLAR,SOLAR,52,South,0.0
31896,2023-01-01 00:00:00,2023-01-01,CRE3,Cowley Ridge,CRE3,5.0559824260075885,20.0,20.0,WIND,WIND,53,South,0.2527991213003794
32640,2023-01-01 00:00:00,2023-01-01,CRG1,CRG1 Camrose Generator,CRG1,5.0,10.0,4.0,GAS,COGENERATION,31,Edmonton,0.5
33384,2023-01-01 00:00:00,2023-01-01,CRR1,CRR1 Enel Alberta Castle Rock Wind Farm,CRR1,35.07611809836494,77.0,77.0,WIND,WIND,53,South,0.45553400127746674
34128,2023-01-01 00:00:00,2023-01-01,CRR2,CRR2 Castle Rock Ridge 2,CRR2,20.817428710195752,29.0,29.0,WIND,WIND,53,South,0.7178423693170949
34872,2023-01-01 00:00:00,2023-01-01,CRS1,CRS1 Summit- Crossfield,CRS1,37.53683323966132,48.0,48.0,GAS,SIMPLE_CYCLE,6,Calgary,0.7820173591596108
35616,2023-01-01 00:00:00,2023-01-01,CRS2,CRS2 Summit- Crossfield,CRS2,0.0,48.0,48.0,GAS,SIMPLE_CYCLE,6,Calgary,0.0
36360,2023-01-01 00:00:00,2023-01-01,CRS3,CRS3 Summit- Crossfield,CRS3,0.0,48.0,48.0,GAS,SIMPLE_CYCLE,6,Calgary,0.0
37104,2023-01-01 00:00:00,2023-01-01,CYP1,CYP1 Cypress 1,CYP1,0.0,196.0,196.0,WIND,WIND,4,South,0.0
37848,2023-01-01 00:00:00,2023-01-01,CYP2,CYP2 Cypress 2,CYP2,0.2000000029802322,46.0,46.0,WIND,WIND,4,South,0.004347826151744179
38592,2023-01-01 00:00:00,2023-01-01,DAI1,DAI1 52MW Turbo Generator,DAI1,47.88299933751424,52.0,52.0,OTHER,Biomass,19,Northwest,0.9208269103368123
39336,2023-01-01 00:00:00,2023-01-01,DKSN,DKSN Dickson Dam,DKSN,4.586255818208059,15.0,15.3,HYDRO,HYDRO,39,Central,0.30575038788053727
40080,2023-01-01 00:00:00,2023-01-01,DOWG,DOWG Total Gen. & SR,DOWG,203.72033832126192,326.0,326.0,GAS,COGENERATION,33,Northeast,0.6249090132554047
40824,2023-01-01 00:00:00,2023-01-01,DRW1,DRW1 Drywood,DRW1,0.0,6.0,6.0,GAS,SIMPLE_CYCLE,55,South,0.0
41568,2023-01-01 00:00:00,2023-01-01,EAGL,EAGL Whitecourt Power,EAGL,22.92254067103068,25.0,25.0,OTHER,Biomass,26,Northwest,0.9169016268412272
42312,2023-01-01 00:00:00,2023-01-01,EC01,EC01 Cavalier,EC01,82.61520840168,120.0,120.0,GAS,COMBINED_CYCLE,45,South,0.6884600700139999
43056,2023-01-01 00:00:00,2023-01-01,EC04,EC04 EnCana Foster Creek,EC04,79.47855323791504,98.0,98.0,GAS,COGENERATION,28,Central,0.8110056452848473
43800,2023-01-01 00:00:00,2023-01-01,EGC1,EGC1 Shepard,EGC1,810.4313154432509,868.0,868.0,GAS,COMBINED_CYCLE,6,Calgary,0.9336766306949895
44544,2023-01-01 00:00:00,2023-01-01,ENC1,ENC1 Cloverbar #1,ENC1,0.0,48.0,48.0,GAS,SIMPLE_CYCLE,60,Edmonton,0.0
45288,2023-01-01 00:00:00,2023-01-01,ENC2,ENC2 Cloverbar #2,ENC2,0.0,101.0,101.0,GAS,SIMPLE_CYCLE,60,Edmonton,0.0
46032,2023-01-01 00:00:00,2023-01-01,ENC3,ENC3 Cloverbar #3,ENC3,78.08472044203016,101.0,101.0,GAS,SIMPLE_CYCLE,60,Edmonton,0.7731160439804966
46776,2023-01-01 00:00:00,2023-01-01,EPS1,EPS1 Empress,EPS1,43.04349948459201,46.0,0.0,GAS,COGENERATION,48,South,0.9357282496650438
47520,2023-01-01 00:00:00,2023-01-01,ERV1,ERV1 eReserve1 Rycroft,ERV1,0.0,20.0,20.0,ENERGY STORAGE,ENERGY STORAGE,20,Northwest,0.0
48264,2023-01-01 00:00:00,2023-01-01,ERV2,ERV2 eReserve2 Buffalo Creek,ERV2,0.0,20.0,20.0,ENERGY STORAGE,ENERGY STORAGE,32,Central,0.0
49008,2023-01-01 00:00:00,2023-01-01,ERV3,ERV3 eReserve3 Mercer Hill,ERV3,0.0,20.0,20.0,ENERGY STORAGE,ENERGY STORAGE,20,Northwest,0.0
49752,2023-01-16 00:00:00,2023-01-16,ERV5,ERV5 eReserve5 Hughenden,ERV5,0.0,20.0,20.0,ENERGY STORAGE,ENERGY STORAGE,37,Central,0.0
50136,2023-01-01 00:00:00,2023-01-01,FH1,FH1 Fort Hills,FH1,189.6840913052029,199.0,199.0,GAS,COGENERATION,25,Northeast,0.9531863884683563
50880,2023-01-01 00:00:00,2023-01-01,FMG1,FMG1 Forty Mile Granlea,FMG1,0.0538333301246166,200.0,200.0,WIND,WIND,4,South,0.000269166650623083
51624,2023-01-01 00:00:00,2023-01-01,FNG1,FNG1 Fort Nelson,FNG1,51.92754735734728,73.0,73.0,GAS,COMBINED_CYCLE,17,Northwest,0.7113362651691408
52368,2023-01-01 00:00:00,2023-01-01,GDP1,GDP1 Garden Plain,GDP1,0.0,130.0,130.0,WIND,WIND,42,Central,0.0
53112,2023-01-01 00:00:00,2023-01-01,GEN5,GEN5 Carson Creek,GEN5,11.90549962202708,15.0,15.0,GAS,SIMPLE_CYCLE,26,Northwest,0.7936999748018053
53856,2023-01-01 00:00:00,2023-01-01,GEN6,GEN6 Judy Creek,GEN6,11.09999942779541,15.0,15.0,GAS,SIMPLE_CYCLE,26,Northwest,0.7399999618530273
54600,2023-01-01 00:00:00,2023-01-01,GN1,GN1 Genesee #1,GN1,399.39115936279296,400.0,400.0,COAL,COAL,40,Edmonton,0.9984778984069824
55344,2023-01-01 00:00:00,2023-01-01,GN2,GN2 Genesee #2,GN2,417.7851608445909,420.0,420.0,COAL,COAL,40,Edmonton,0.9947265734395021
56088,2023-01-01 00:00:00,2023-01-01,GN3,GN3 Genesee #3,GN3,464.6701616244846,466.0,466.0,DUAL FUEL,DUAL FUEL,40,Edmonton,0.9971462695804391
56832,2023-01-01 00:00:00,2023-01-01,GOC1,GOC1 Gold Creek Facility,GOC1,0.0,5.0,5.0,OTHER,Oil/Gas,20,Northwest,0.0
57576,2023-01-01 00:00:00,2023-01-01,GPEC,GPEC Grande Prairie,GPEC,11.30908380402459,18.0,18.0,OTHER,Wood/Refuse,20,Northwest,0.6282824335569217
58320,2023-01-01 00:00:00,2023-01-01,GRZ1,GRZ1 Grizzly Bear Creek,GRZ1,0.0,152.0,152.0,WIND,WIND,13,Central,0.0
59064,2023-01-01 00:00:00,2023-01-01,GWW1,GWW1 GW Wind #1,GWW1,65.15350718816121,71.0,71.0,WIND,WIND,53,South,0.917655030819172
59808,2023-01-01 00:00:00,2023-01-01,HAL1,HAL1 Halkirk Wind Power Facility,HAL1,18.34317274676429,150.0,150.0,WIND,WIND,42,Central,0.12228781831176193
60552,2023-01-01 00:00:00,2023-01-01,HHW1,HHW1 Hand Hills,HHW1,0.0,145.0,145.0,WIND,WIND,42,Central,0.0
61296,2023-01-01 00:00:00,2023-01-01,HLD1,HLD1 Hilda Wind,HLD1,0.0,100.0,100.0,WIND,WIND,48,South,0.0
62040,2023-01-01 00:00:00,2023-01-01,HMT1,HMT1 ALP,HMT1,37.72190177917481,45.0,45.0,GAS,COGENERATION,39,Central,0.8382644839816624
62784,2023-01-01 00:00:00,2023-01-01,HRM,HRM H.R. Milner,HRM,0.0,300.0,300.0,GAS,SIMPLE_CYCLE,22,Northwest,0.0
63528,2023-01-01 00:00:00,2023-01-01,HRT1,HRT1 Heartland Petrochemical,HRT1,48.26722128550212,108.0,108.0,GAS,COGENERATION,33,Northeast,0.4469187156065011
64272,2023-01-01 00:00:00,2023-01-01,HRV1,HRV1 High River 1,HRV1,8.300000190734863,10.0,10.0,GAS,SIMPLE_CYCLE,46,South,0.8300000190734863
65016,2023-01-01 00:00:00,2023-01-01,HUL1,HUL1 Hull,HUL1,0.0,25.0,25.0,SOLAR,SOLAR,52,South,0.0
65760,2023-01-01 00:00:00,2023-01-01,HYS1,HYS1 Hays,HYS1,0.0,23.0,23.0,SOLAR,SOLAR,52,South,0.0
66504,2023-01-01 00:00:00,2023-01-01,ICP1,"ICP1 Drops 4, 5, 6",ICP1,0.0,7.0,7.0,HYDRO,HYDRO,55,South,0.0
67248,2023-01-01 00:00:00,2023-01-01,IEW1,IEW1 Summerview Phase 1,IEW1,44.43727703094483,66.0,66.0,WIND,WIND,53,South,0.6732920762264367
67992,2023-01-01 00:00:00,2023-01-01,IEW2,IEW2 Summerview Phase 2,IEW2,25.807110606299503,66.0,66.0,WIND,WIND,53,South,0.3910168273681743
68736,2023-01-01 00:00:00,2023-01-01,INF1,INF1 Innisfail,INF1,0.0,22.0,22.0,SOLAR,SOLAR,39,Central,0.0
69480,2023-01-01 00:00:00,2023-01-01,IOR1,IOR1 Mahkeses Central Plant,IOR1,170.40356328328448,180.0,180.0,GAS,COGENERATION,28,Central,0.9466864626849139
70224,2023-01-01 00:00:00,2023-01-01,IOR2,IOR2 Nabiye,IOR1,174.28250010172525,195.0,185.0,GAS,COGENERATION,28,Central,0.8937564107780782
70968,2023-01-01 00:00:00,2023-01-01,IOR3,IOR3 Kearl,IOR3,71.79483854929606,84.0,84.0,GAS,COGENERATION,25,Northeast,0.8547004589201912
71712,2023-01-01 00:00:00,2023-01-01,IOR4,IOR4 Strathcona,IOR4,47.099998474121094,43.0,0.0,GAS,COGENERATION,60,Edmonton,1.0953488017237463
72456,2023-01-01 00:00:00,2023-01-01,JER1,JER1 Jenner,JER1,0.0,23.0,23.0,SOLAR,SOLAR,48,South,0.0
73200,2023-01-01 00:00:00,2023-01-01,JNR3,JNR3 Jenner 3,JNR3,0.0,109.0,109.0,WIND,WIND,48,South,0.0
73944,2023-01-01 00:00:00,2023-01-01,JOF1,JOF1 Joffre #1,JOF1,210.59165207333035,474.0,474.0,GAS,COGENERATION,35,Central,0.4442861858087138
74688,2023-01-01 00:00:00,2023-01-01,KH2,KH2 Keephills #2,KH2,278.00343863593207,395.0,395.0,GAS,GAS_FIRED_STEAM,40,Edmonton,0.7038061737618534
75432,2023-01-01 00:00:00,2023-01-01,KH3,KH3 Keephills #3,KH3,423.71832511054146,463.0,463.0,GAS,GAS_FIRED_STEAM,40,Edmonton,0.915158369569204
76176,2023-01-01 00:00:00,2023-01-01,KHW1,KHW1 Kettles Hill Wind,KHW1,48.16376804139879,63.0,63.0,WIND,WIND,53,South,0.7645042546253776
76920,2023-01-01 00:00:00,2023-01-01,KKP1,KKP1 kisikaw-pisim 1,KKP1,0.0,7.0,4.99,SOLAR,SOLAR,60,Edmonton,0.0
77664,2023-01-01 00:00:00,2023-01-01,KKP2,KKP2 kisikaw-pisim 2,KKP2,0.0,7.0,4.99,SOLAR,SOLAR,60,Edmonton,0.0
78408,2023-01-01 00:00:00,2023-01-01,LAN1,LAN1 Lanfine Wind,LAN1,0.0,151.0,151.0,WIND,WIND,42,Central,0.0
79152,2023-01-01 00:00:00,2023-01-01,ME02,ME02 Lethbridge Taber,ME02,6.929999828338623,8.0,8.0,GAS,SIMPLE_CYCLE,52,South,0.8662499785423279
79896,2023-01-01 00:00:00,2023-01-01,ME03,ME03 Lethbridge Burdett,ME03,7.050000190734863,7.0,7.0,GAS,SIMPLE_CYCLE,52,South,1.0071428843906947
80640,2023-01-01 00:00:00,2023-01-01,ME04,ME04 Lethbridge Coaldale,ME04,5.010000228881836,6.0,6.0,GAS,SIMPLE_CYCLE,54,South,0.8350000381469727
81384,2023-01-01 00:00:00,2023-01-01,MEG1,MEG1 Christina Lake,MEG1,169.9021520063612,202.0,202.0,GAS,COGENERATION,25,Northeast,0.8410997624077288
82128,2023-01-01 00:00:00,2023-01-01,MIC1,MIC1 Michichi Solar,MIC1,0.0,25.0,25.0,SOLAR,SOLAR,42,Central,0.0
82872,2023-01-01 00:00:00,2023-01-01,MKR1,MKR1 Muskeg River,MKR1,185.58388760884603,202.0,202.0,GAS,COGENERATION,25,Northeast,0.9187321168754754
83616,2023-01-01 00:00:00,2023-01-01,MKRC,MKRC MacKay River Cogeneration Plant,MKRC,197.37876168992784,207.0,207.0,GAS,COGENERATION,25,Northeast,0.9535205878740476
84360,2023-01-01 00:00:00,2023-01-01,MON1,MON1 Monarch,MON1,0.0,24.0,24.0,SOLAR,SOLAR,54,South,0.0
85104,2023-01-01 00:00:00,2023-01-01,MUL1,MUL1 Mulligan,MUL1,2.5999999046325684,5.0,5.0,GAS,COGENERATION,20,Northwest,0.5199999809265137
85848,2023-01-01 00:00:00,2023-01-01,NAT1,NAT1 Ralston,NAT1,9.864377653267647,20.0,20.0,GAS,SIMPLE_CYCLE,4,South,0.4932188826633824
86592,2023-01-01 00:00:00,2023-01-01,NEP1,NEP1 Ghost Pine,NEP1,0.0953944417172008,82.0,82.0,WIND,WIND,42,Central,0.0011633468502097659
87336,2023-01-01 00:00:00,2023-01-01,NMK1,NMK1 East Strathmore Namaka,NMK1,0.0,20.0,20.0,SOLAR,SOLAR,45,South,0.0
88080,2023-01-01 00:00:00,2023-01-01,NPC2,NPC2 JL Landry,NPC2,0.0,9.0,9.0,GAS,SIMPLE_CYCLE,20,Northwest,0.0
88824,2023-01-01 00:00:00,2023-01-01,NPC3,NPC3 Elmworth,NPC3,0.0,9.0,9.0,GAS,SIMPLE_CYCLE,20,Northwest,0.0
89568,2023-01-01 00:00:00,2023-01-01,NPP1,NPP1 Constellation,NPP1,89.74422100914849,105.0,105.0,GAS,SIMPLE_CYCLE,20,Northwest,0.8547068667537951
90312,2023-01-01 00:00:00,2023-01-01,NRG3,NRG3 NRGreen Cogen,NRG3,0.0,16.0,16.0,OTHER,Gas cogen,26,Northwest,0.0
91056,2023-01-01 00:00:00,2023-01-01,NX01,NX01 Nexen Inc #1,NX01,0.0,120.0,120.0,GAS,COMBINED_CYCLE,6,Calgary,0.0
91800,2023-01-01 00:00:00,2023-01-01,NX02,NX02  Nexen Inc. #2,NX02,181.60115863800047,220.0,220.0,GAS,COGENERATION,25,Northeast,0.8254598119909112
92544,2023-01-01 00:00:00,2023-01-01,OMRH,OMRH Oldman River,OMRH,2.99835555712382,32.0,32.0,HYDRO,HYDRO,53,South,0.09369861116011938
93288,2023-01-01 00:00:00,2023-01-01,OWF1,OWF1 Oldman 2 Wind Farm 1,OWF1,39.55216583463881,46.0,46.0,WIND,WIND,53,South,0.8598296920573654
94032,2023-01-01 00:00:00,2023-01-01,PEC1,PEC1 Lindbergh,PEC1,15.399999618530272,16.0,4.0,GAS,COGENERATION,28,Central,0.962499976158142
94776,2023-01-01 00:00:00,2023-01-01,PH1,PH1 Poplar Hill #1,PH1,37.62916506661309,48.0,48.0,GAS,SIMPLE_CYCLE,20,Northwest,0.7839409388877727
95520,2023-01-01 00:00:00,2023-01-01,PMB1,PMB1 West Pembina,PMB1,0.0,13.0,0.0,GAS,SIMPLE_CYCLE,30,Central,0.0
96264,2023-01-01 00:00:00,2023-01-01,PR1,PR1 Primrose #1,PR1,83.20300813886854,100.0,100.0,GAS,COGENERATION,28,Central,0.8320300813886854
97008,2023-01-01 00:00:00,2023-01-01,RB5,RB5 Rainbow #5,RB5,48.59466584523519,50.0,50.0,GAS,SIMPLE_CYCLE,17,Northwest,0.9718933169047038
97752,2023-01-01 00:00:00,2023-01-01,RIV1,RIV1 Riverview,RIV1,83.05166445414226,105.0,105.0,WIND,WIND,53,South,0.7909682328965929
98496,2023-01-01 00:00:00,2023-01-01,RL1,RL1 Rainbow Lake #1,RB5,43.787611156039766,47.0,47.0,GAS,COGENERATION,17,Northwest,0.9316513011923354
99240,2023-01-01 00:00:00,2023-01-01,RTL1,RTL1 Rattlesnake Ridge Wind,RTL1,0.0,130.0,130.0,WIND,WIND,4,South,0.0
99984,2023-01-01 00:00:00,2023-01-01,RYMD,RYMD Raymond Reservoir,RYMD,0.0,21.0,21.0,HYDRO,HYDRO,55,South,0.0
100728,2023-01-01 00:00:00,2023-01-01,SCL1,SCL1 Syncrude #1,SCL1,440.74962414211694,510.0,510.0,GAS,COGENERATION,25,Northeast,0.8642149492982685
101472,2023-01-01 00:00:00,2023-01-01,SCR1,SCR1 Base Plant,SCR1,36.3410800658332,50.0,50.0,GAS,COGENERATION,25,Northeast,0.726821601316664
102216,2023-01-01 00:00:00,2023-01-01,SCR2,SCR2 Magrath,SCR2,18.507384023666383,30.0,30.0,WIND,WIND,55,South,0.6169128007888794
102960,2023-01-01 00:00:00,2023-01-01,SCR3,SCR3 Suncor Chin Chute,SCR3,0.2773611096375518,30.0,30.0,WIND,WIND,54,South,0.009245370321251726
103704,2023-01-01 00:00:00,2023-01-01,SCR4,SCR4 Wintering Hills,SCR4,0.9513055190775128,88.0,88.0,WIND,WIND,43,South,0.010810289989517191
104448,2023-01-01 00:00:00,2023-01-01,SCR5,SCR5 Poplar Creek,SCR1,342.37253428141275,376.0,376.0,GAS,COGENERATION,25,Northeast,0.9105652507484382
105192,2023-01-01 00:00:00,2023-01-01,SCR6,SCR6 Firebag,SCR1,440.698375837538,497.0,497.0,GAS,COGENERATION,25,Northeast,0.8867170539990704
105936,2023-01-01 00:00:00,2023-01-01,SD6,SD6 Sundance #6,SD6,299.8840685865614,401.0,401.0,GAS,GAS_FIRED_STEAM,40,Edmonton,0.7478405700413002
106680,2023-01-01 00:00:00,2023-01-01,SDH1,SDH1 Saddle Hills,SDH1,0.0,10.0,10.7,GAS,COGENERATION,20,Northwest,0.0
107424,2023-01-01 00:00:00,2023-01-01,SET1,SET1 South Edmonton Terminal,SET1,13.300000190734863,20.0,20.0,GAS,SIMPLE_CYCLE,60,Edmonton,0.6650000095367432
108168,2023-01-01 00:00:00,2023-01-01,SH1,SH1 Sheerness #1,SH1,244.92903717041017,400.0,400.0,GAS,GAS_FIRED_STEAM,43,South,0.6123225929260254
108912,2023-01-01 00:00:00,2023-01-01,SH2,SH2 Sheerness #2,SH2,197.4561137813992,400.0,400.0,GAS,GAS_FIRED_STEAM,43,South,0.493640284453498
109656,2023-01-01 00:00:00,2023-01-01,SHCG,SHCG Caroline #1,SHCG,0.0,19.0,4.0,GAS,COGENERATION,38,Central,0.0
110400,2023-01-01 00:00:00,2023-01-01,SLP1,SLP1 Slave Lake,SLP1,8.111167019738092,9.0,4.9,OTHER,Biomass,21,Northwest,0.9012407799708991
111144,2023-01-01 00:00:00,2023-01-01,SRL1,SRL1 Swan Hills Geothermal,SRL1,13.206333146625097,20.0,20.0,OTHER,Dual Fuel,26,Northwest,0.6603166573312549
111888,2023-01-01 00:00:00,2023-01-01,STR1,STR1 Strathmore,STR1,0.0,18.0,18.0,SOLAR,SOLAR,45,South,0.0
112632,2023-01-01 00:00:00,2023-01-01,STR2,STR2 Strathmore,STR2,0.0,23.0,23.0,SOLAR,SOLAR,45,South,0.0
113376,2023-01-01 00:00:00,2023-01-01,SUF1,SUF1 Suffield,SUF1,0.0,23.0,23.0,SOLAR,SOLAR,4,South,0.0
114120,2023-01-01 00:00:00,2023-01-01,SUM1,SUM1 Summerview,SUM1,0.0,10.0,10.0,ENERGY STORAGE,ENERGY STORAGE,53,South,0.0
114864,2023-01-01 00:00:00,2023-01-01,TAB1,TAB1 Enmax Taber,TAB1,0.0,81.0,81.0,WIND,WIND,52,South,0.0
115608,2023-01-01 00:00:00,2023-01-01,TAY1,TAY1 Taylor Hydro 1,TAY1,0.0,14.0,14.0,HYDRO,HYDRO,55,South,0.0
116352,2023-01-01 00:00:00,2023-01-01,TC01,TC01 Carseland Cogen,TC01,81.40353094524808,95.0,95.0,GAS,COGENERATION,45,South,0.8568792731078745
117096,2023-01-01 00:00:00,2023-01-01,TC02,TC02 Redwater Cogen,TC02,82.7537783516778,92.0,92.0,GAS,COGENERATION,33,Northeast,0.8994975907791065
117840,2023-01-01 00:00:00,2023-01-01,TLM2,TLM2 Edson,TLM2,9.7700161046452,13.0,13.0,GAS,COGENERATION,29,Central,0.751539700357323
118584,2023-01-01 00:00:00,2023-01-01,TRH1,TRH1 Kneehill Solar,TRH1,0.0,25.0,25.0,SOLAR,SOLAR,42,Central,0.0
119328,2023-01-01 00:00:00,2023-01-01,TVS1,TVS1 Travers,TVS1,0.0,465.0,465.0,SOLAR,SOLAR,49,South,0.0
120072,2023-01-01 00:00:00,2023-01-01,UOA1,UOA1 UofA Generator,UOA1,29.52550054974026,39.0,5.0,GAS,COGENERATION,60,Edmonton,0.7570641166600067
120816,2023-01-01 00:00:00,2023-01-01,UOC1,UOC1 U of C Generator,UOC1,13.541794895595974,12.0,12.0,GAS,COGENERATION,6,Calgary,1.1284829079663312
121560,2023-01-01 00:00:00,2023-01-01,VCN1,VCN1 Vulcan,VCN1,0.0,22.0,22.0,SOLAR,SOLAR,49,South,0.0
122304,2023-01-01 00:00:00,2023-01-01,VVW1,VVW1 Valley View 1,VVW1,0.0,50.0,50.0,GAS,SIMPLE_CYCLE,23,Northwest,0.0
123048,2023-01-01 00:00:00,2023-01-01,VVW2,VVW2 Valley View 2,VVW2,0.0,50.0,50.0,GAS,SIMPLE_CYCLE,23,Northwest,0.0
123792,2023-01-01 00:00:00,2023-01-01,VXH1,VXH1 Vauxhall,VXH1,0.0,22.0,22.0,SOLAR,SOLAR,52,South,0.0
124536,2023-01-01 00:00:00,2023-01-01,WCD1,WCD1 West Cadotte,WCD1,15.280277866257562,20.0,20.0,GAS,SIMPLE_CYCLE,19,Northwest,0.7640138933128781
125280,2023-01-01 00:00:00,2023-01-01,WEF1,WEF1 Westfield Yellow Lake,WEF1,0.0,19.0,19.0,SOLAR,SOLAR,52,South,0.0
126024,2023-01-01 00:00:00,2023-01-01,WEY1,WEY1 Steam Turbine 48MW,WEY1,42.77761590321859,48.0,48.0,OTHER,Oil/Gas,20,Northwest,0.8912003313170539
126768,2023-01-01 00:00:00,2023-01-01,WHE1,WHE1 Wheatland Wind,WHE1,2.816499944925308,120.0,120.0,WIND,WIND,43,South,0.023470832874377567
127512,2023-01-01 00:00:00,2023-01-01,WHT1,WHT1 Whitla,WHT1,0.0,202.0,202.0,WIND,WIND,4,South,0.0
128256,2023-01-01 00:00:00,2023-01-01,WHT2,WHT2 Whitla 2,WHT2,0.0,151.0,151.0,WIND,WIND,4,South,0.0
129000,2023-01-01 00:00:00,2023-01-01,WRW1,WRW1 Windrise,WRW1,182.5179467095269,207.0,207.0,WIND,WIND,53,South,0.8817292111571349
129744,2023-01-01 00:00:00,2023-01-01,WST1,WST1 Westlock,WST1,10.236999561521742,18.0,16.0,OTHER,Biomass,27,Northeast,0.568722197862319
130488,2023-01-01 00:00:00,2023-01-01,WWD1,WWD1 Weldwood,WWD1,26.153944057888456,50.0,10.0,OTHER,Biomass,29,Central,0.5230788811577691
337193,2023-04-18 23:00:00,2023-04-19,CHP1,CHP1 Chappice Lake,CHP1,0.0,14.0,14.0,SOLAR,SOLAR,4,South,0.0
420228,2023-06-20 23:00:00,2023-06-21,EMP1,EMP1 Empress Solar Park,EMP1,0.0,39.0,39.0,SOLAR,SOLAR,48,South,0.0
498944,2023-06-20 23:00:00,2023-06-21,HRV2,HRV2 High River 2,HRV2,0.0,10.0,10.0,GAS,SIMPLE_CYCLE,46,South,0.0
552397,2023-04-30 23:00:00,2023-05-01,MCH1,MCH1 Michichi Creek,MCH1,0.0,13.0,13.0,SOLAR,SOLAR,42,Central,0.0
682863,2023-05-15 23:00:00,2023-05-16,STV1,STV1 Stavely,STV1,0.0,17.0,17.0,SOLAR,SOLAR,49,South,0.0
770599,2023-06-29 23:00:00,2023-06-30,SWP1,SWP1 Stirling Wind,SWP1,0.0,113.0,113.0,WIND,WIND,54,South,0.0
